{
    "home": {
        "centre": [
            48.01026729380942,
            11.898832827513615,
            10.0
        ]
    },
    "openareas0": {
        "centre": [
            48.00568419415938,
            11.896214766130155,
            30.0
        ],
        "lower_bounds": [
            48.005449830825576,
            11.895733090219725
        ],
        "upper_bounds": [
            48.005976826747975,
            11.896535081763751
        ]
    },
    "openareas1": {
        "centre": [
            48.00833380864632,
            11.900508185083446,
            30.0
        ],
        "lower_bounds": [
            48.00794977879044,
            11.899849657533842
        ],
        "upper_bounds": [
            48.008793173511876,
            11.900981549691773
        ]
    },
    "openareas2": {
        "centre": [
            48.010278603558035,
            11.899821894690675,
            30.0
        ],
        "lower_bounds": [
            48.01007042139173,
            11.899510762156499
        ],
        "upper_bounds": [
            48.01058720535177,
            11.90007939044437
        ]
    },
    "openareas3": {
        "centre": [
            48.009599873117615,
            11.897202268369021,
            30.0
        ],
        "lower_bounds": [
            48.00937018559172,
            11.896805331471484
        ],
        "upper_bounds": [
            48.00995157507665,
            11.897459790444316
        ]
    },
    "openareas4": {
        "centre": [
            48.008784252594936,
            11.89827647217031,
            30.0
        ],
        "lower_bounds": [
            48.00845409263402,
            11.897536208731658
        ],
        "upper_bounds": [
            48.00916469151451,
            11.898727109485499
        ]
    },
    "openareas5": {
        "centre": [
            48.01001452792103,
            11.902375126064099,
            70.0
        ],
        "lower_bounds": [
            48.00987809667339,
            11.902053233408004
        ],
        "upper_bounds": [
            48.010323107052685,
            11.90263259055142
        ]
    },
    "urbanareas0": {
        "centre": [
            48.01135619213836,
            11.901031850263493,
            30.0
        ],
        "lower_bounds": [
            48.011040364134224,
            11.900602745047983
        ],
        "upper_bounds": [
            48.011793991503986,
            11.901482509599097
        ]
    },
    "urbanareas1": {
        "centre": [
            48.012049035569184,
            11.898478795653409,
            30.0
        ],
        "lower_bounds": [
            48.011869538027945,
            11.898199848751931
        ],
        "upper_bounds": [
            48.01232170850088,
            11.898714832879412
        ]
    },
    "woods0": {
        "centre": [
            48.00583298724613,
            11.901567638460719,
            20.0
        ],
        "lower_bounds": [
            48.005566592439365,
            11.901097221075721
        ],
        "upper_bounds": [
            48.00639597504933,
            11.90210073642505
        ]
    },
    "woods1": {
        "centre": [
            48.00872603306354,
            11.901889140256495,
            20.0
        ],
        "lower_bounds": [
            48.008539348661905,
            11.901599419915906
        ],
        "upper_bounds": [
            48.00900590381505,
            11.902125132879375
        ]
    },
    "woods2": {
        "centre": [
            48.00725264338974,
            11.901230061575157,
            20.0
        ],
        "lower_bounds": [
            48.00708747735314,
            11.900951148751835
        ],
        "upper_bounds": [
            48.007446376410165,
            11.901573421239208
        ]
    },
    "woods3": {
        "centre": [
            48.00743161086127,
            11.896396258540014,
            20.0
        ],
        "lower_bounds": [
            48.00717320371797,
            11.89579544372462
        ],
        "upper_bounds": [
            48.00769719463167,
            11.89684686965156
        ]
    },
    "woods4": {
        "centre": [
            48.003963342997615,
            11.893469484222063,
            20.0
        ],
        "lower_bounds": [
            48.00366895431227,
            11.893051073883898
        ],
        "upper_bounds": [
            48.00432219202567,
            11.893855736583088
        ]
    },
    "woods5": {
        "centre": [
            48.009545135952585,
            11.894748474303215,
            20.0
        ],
        "lower_bounds": [
            48.00933691855118,
            11.894501735259967
        ],
        "upper_bounds": [
            48.009839354617206,
            11.894952346371513
        ]
    }
}